Entity,Code,Year,Outbound departures (tourists) per 1000 people
Algeria,DZA,1995,38.275127
Algeria,DZA,1996,30.153902
Algeria,DZA,1997,28.056696
Algeria,DZA,1998,29.373764
Algeria,DZA,1999,29.75672
Algeria,DZA,2000,32.68927
Algeria,DZA,2001,38.139824
Algeria,DZA,2002,39.747414
Algeria,DZA,2003,39.119186
Algeria,DZA,2004,43.58634
Algeria,DZA,2005,45.908737
Algeria,DZA,2006,40.346844
Algeria,DZA,2007,44.109207
Algeria,DZA,2008,44.518894
Algeria,DZA,2009,47.647408
Algeria,DZA,2010,49.001087
Algeria,DZA,2011,46.93031
Algeria,DZA,2012,51.287464
Algeria,DZA,2013,56.2096
Algeria,DZA,2014,73.2453
Algeria,DZA,2015,92.00077
Algeria,DZA,2016,112.297356
Algeria,DZA,2017,122.95635
Algeria,DZA,2018,133.80397
Algeria,DZA,2019,134.22198
Algeria,DZA,2020,31.89751
Algeria,DZA,2021,7.7866874
Angola,AGO,1995,0.21563718
Angola,AGO,1996,0.20857447
Argentina,ARG,1995,109.16807
Argentina,ARG,1996,121.39242
Argentina,ARG,1997,126.116936
Argentina,ARG,1998,126.73461
Argentina,ARG,1999,130.57582
Argentina,ARG,2000,133.6093
Argentina,ARG,2001,127.052765
Argentina,ARG,2002,79.398125
Argentina,ARG,2003,80.67262
Argentina,ARG,2004,100.95996
Argentina,ARG,2005,99.66598
Argentina,ARG,2006,98.58941
Argentina,ARG,2007,104.49864
Argentina,ARG,2008,114.56589
Argentina,ARG,2009,122.43039
Argentina,ARG,2010,129.1237
Argentina,ARG,2011,161.02797
Argentina,ARG,2012,173.19644
Argentina,ARG,2013,159.14781
Argentina,ARG,2014,152.18079
Argentina,ARG,2015,180.47919
Argentina,ARG,2016,238.54868
Argentina,ARG,2017,277.22406
Argentina,ARG,2018,250.59895
Argentina,ARG,2019,203.68521
Argentina,ARG,2020,63.08282
Argentina,ARG,2021,18.397947
Armenia,ARM,2000,35.032074
Armenia,ARM,2001,35.10857
Armenia,ARM,2002,42.189472
Armenia,ARM,2003,54.797062
Armenia,ARM,2004,72.086815
Armenia,ARM,2005,88.2762
Armenia,ARM,2006,108.70679
Armenia,ARM,2007,155.77164
Armenia,ARM,2008,172.95558
Armenia,ARM,2009,177.44493
Armenia,ARM,2010,191.08739
Armenia,ARM,2011,244.11195
Armenia,ARM,2012,331.1113
Armenia,ARM,2013,373.26987
Armenia,ARM,2014,414.5419
Armenia,ARM,2015,412.35352
Armenia,ARM,2016,440.70834
Armenia,ARM,2017,519.64825
Armenia,ARM,2018,572.1713
Armenia,ARM,2019,662.2695
Armenia,ARM,2020,123.32434
Armenia,ARM,2021,151.56015
Austria,AUT,2000,939.7753
Austria,AUT,2001,1038.6046
Austria,AUT,2002,1023.1472
Austria,AUT,2003,1032.499
Austria,AUT,2004,1024.4498
Austria,AUT,2005,997.4433
Austria,AUT,2006,1214.5958
Austria,AUT,2007,1190.637
Austria,AUT,2008,1162.9425
Austria,AUT,2009,1213.1217
Austria,AUT,2010,1181.6576
Austria,AUT,2011,1176.7087
Austria,AUT,2012,1300.174
Austria,AUT,2013,1258.4406
Austria,AUT,2014,1286.4398
Austria,AUT,2015,1229.7479
Austria,AUT,2016,1320.2097
Austria,AUT,2017,1306.167
Austria,AUT,2018,1249.135
Austria,AUT,2019,1340.3245
Austria,AUT,2020,445.00424
Austria,AUT,2021,843.07635
Azerbaijan,AZE,2005,102.4694
Azerbaijan,AZE,2006,101.5593
Azerbaijan,AZE,2007,89.09255
Azerbaijan,AZE,2008,116.448364
Azerbaijan,AZE,2009,125.55334
Azerbaijan,AZE,2010,197.02934
Azerbaijan,AZE,2011,246.60707
Azerbaijan,AZE,2012,298.24228
Azerbaijan,AZE,2013,343.96042
Azerbaijan,AZE,2014,340.69403
Azerbaijan,AZE,2015,330.10645
Azerbaijan,AZE,2016,360.055
Azerbaijan,AZE,2017,342.25055
Azerbaijan,AZE,2018,386.0124
Azerbaijan,AZE,2019,447.4843
Bahrain,BHR,2015,2698.6611
Bahrain,BHR,2016,1306.6907
Bahrain,BHR,2017,1197.1083
Bahrain,BHR,2018,1021.9545
Bahrain,BHR,2019,1037.3479
Bahrain,BHR,2020,314.04868
Bangladesh,BGD,1995,7.046239
Bangladesh,BGD,1996,7.5994644
Bangladesh,BGD,1997,7.096079
Bangladesh,BGD,1998,7.9774528
Bangladesh,BGD,1999,8.7018385
Bangladesh,BGD,2000,8.7311
Bangladesh,BGD,2001,8.16432
Bangladesh,BGD,2002,8.632783
Bangladesh,BGD,2003,10.35873
Bangladesh,BGD,2004,11.276051
Bangladesh,BGD,2005,12.539688
Bangladesh,BGD,2006,12.753382
Bangladesh,BGD,2007,16.144482
Bangladesh,BGD,2008,6.0169992
Bangladesh,BGD,2009,15.363976
Bangladesh,BGD,2010,12.891605
Bangladesh,BGD,2011,14.160081
Bangladesh,BGD,2012,14.945034
Bangladesh,BGD,2013,9.478664
Bangladesh,BGD,2019,9.449224
Belarus,BLR,1995,59.837345
Belarus,BLR,1996,67.36004
Belarus,BLR,1997,93.16478
Belarus,BLR,1998,86.99034
Belarus,BLR,1999,90.606766
Belarus,BLR,2000,125.67654
Belarus,BLR,2001,135.96423
Belarus,BLR,2002,141.68176
Belarus,BLR,2003,110.074814
Belarus,BLR,2004,51.501476
Belarus,BLR,2005,57.57327
Belarus,BLR,2006,53.166172
Belarus,BLR,2007,52.615562
Belarus,BLR,2008,38.823727
Belarus,BLR,2009,32.384647
Belarus,BLR,2010,42.645344
Belarus,BLR,2011,32.965958
Belarus,BLR,2012,50.85749
Belarus,BLR,2013,73.0564
Belarus,BLR,2014,76.44108
Belarus,BLR,2015,69.17091
Belarus,BLR,2016,48.104107
Belarus,BLR,2017,72.72447
Belarus,BLR,2018,86.22492
Belarus,BLR,2019,99.54547
Belarus,BLR,2020,26.365656
Belarus,BLR,2021,49.800735
Belgium,BEL,1996,557.62836
Belgium,BEL,1997,743.28827
Belgium,BEL,1998,763.2103
Belgium,BEL,1999,626.9425
Belgium,BEL,2000,772.7717
Belgium,BEL,2001,637.2918
Belgium,BEL,2002,654.0442
Belgium,BEL,2003,698.67487
Belgium,BEL,2004,839.983
Belgium,BEL,2005,886.8516
Belgium,BEL,2006,741.9467
Belgium,BEL,2007,785.7366
Belgium,BEL,2008,828.4918
Belgium,BEL,2009,812.39795
Belgium,BEL,2010,809.06805
Belgium,BEL,2011,887.8449
Belgium,BEL,2012,868.08795
Belgium,BEL,2013,972.9575
Belgium,BEL,2014,983.3827
Belgium,BEL,2015,963.25616
Belgium,BEL,2016,1181.6023
Belgium,BEL,2017,1284.9059
Belgium,BEL,2018,1364.9706
Belgium,BEL,2019,1504.7909
Belgium,BEL,2020,614.78766
Belgium,BEL,2021,740.04755
Bermuda,BMU,2001,2265.922
Bermuda,BMU,2002,2332.8398
Bermuda,BMU,2003,2256.361
Bermuda,BMU,2004,2485.6992
Bermuda,BMU,2005,2556.3672
Bermuda,BMU,2006,2694.3071
Bermuda,BMU,2007,2864.7854
Bermuda,BMU,2008,3034.2778
Bhutan,BTN,2019,53.422493
Bolivia,BOL,1995,31.754246
Bolivia,BOL,1996,33.669727
Bolivia,BOL,1997,35.022495
Bolivia,BOL,1998,36.080914
Bolivia,BOL,1999,29.979652
Bolivia,BOL,2000,23.392069
Bolivia,BOL,2001,25.38278
Bolivia,BOL,2002,24.380404
Bolivia,BOL,2003,33.563766
Bolivia,BOL,2004,37.542255
Bolivia,BOL,2005,41.16282
Bolivia,BOL,2006,49.462086
Bolivia,BOL,2007,54.164516
Bolivia,BOL,2008,59.611805
Bolivia,BOL,2009,51.53551
Bolivia,BOL,2010,59.08086
Bolivia,BOL,2011,74.54612
Bolivia,BOL,2012,74.55275
Bolivia,BOL,2013,77.908646
Bolivia,BOL,2014,85.371506
Bolivia,BOL,2015,87.014626
Bolivia,BOL,2016,83.45899
Bolivia,BOL,2017,87.18438
Bolivia,BOL,2018,91.32494
Bolivia,BOL,2019,98.49441
Bolivia,BOL,2020,36.192516
Bolivia,BOL,2021,31.127184
Brazil,BRA,1995,15.90065
Brazil,BRA,1996,22.86838
Brazil,BRA,1997,23.815357
Brazil,BRA,1998,24.386135
Brazil,BRA,1999,16.502747
Brazil,BRA,2000,18.354078
Brazil,BRA,2001,15.004611
Brazil,BRA,2002,12.954581
Brazil,BRA,2003,17.680626
Brazil,BRA,2004,16.067383
Brazil,BRA,2005,18.008821
Brazil,BRA,2006,20.580372
Brazil,BRA,2007,24.436594
Brazil,BRA,2008,27.186054
Brazil,BRA,2009,25.293346
Brazil,BRA,2010,32.884567
Brazil,BRA,2011,39.39243
Brazil,BRA,2012,42.489735
Brazil,BRA,2013,43.951626
Brazil,BRA,2014,47.267357
Brazil,BRA,2015,46.19174
Brazil,BRA,2016,42.888996
Brazil,BRA,2017,50.886078
Brazil,BRA,2018,50.56941
British Virgin Islands,VGB,1995,4465.0425
Bulgaria,BGR,1995,415.68448
Bulgaria,BGR,1996,357.79828
Bulgaria,BGR,1997,367.71402
Bulgaria,BGR,1998,314.75662
Bulgaria,BGR,1999,291.09448
Bulgaria,BGR,2000,288.60068
Bulgaria,BGR,2001,339.76932
Bulgaria,BGR,2002,399.75903
Bulgaria,BGR,2003,429.7941
Bulgaria,BGR,2004,493.55945
Bulgaria,BGR,2005,541.89124
Bulgaria,BGR,2006,538.24084
Bulgaria,BGR,2007,584.91766
Bulgaria,BGR,2008,746.1975
Bulgaria,BGR,2009,653.98456
Bulgaria,BGR,2010,484.1766
Bulgaria,BGR,2011,504.1675
Bulgaria,BGR,2012,501.8464
Bulgaria,BGR,2013,528.8535
Bulgaria,BGR,2014,564.0152
Bulgaria,BGR,2015,633.7171
Bulgaria,BGR,2016,744.13654
Bulgaria,BGR,2017,867.116
Bulgaria,BGR,2018,941.2113
Bulgaria,BGR,2019,993.54333
Bulgaria,BGR,2020,476.41693
Bulgaria,BGR,2021,594.5514
Burundi,BDI,1995,6.067972
Burundi,BDI,1996,5.901683
Burundi,BDI,1997,1.6880877
Burundi,BDI,1998,2.651049
Burundi,BDI,1999,4.3687983
Burundi,BDI,2000,4.4390435
Burundi,BDI,2001,5.4131546
Cambodia,KHM,1995,2.8389506
Cambodia,KHM,1996,3.3981323
Cambodia,KHM,1997,3.9364643
Cambodia,KHM,1998,3.5135567
Cambodia,KHM,1999,4.1179895
Cambodia,KHM,2000,3.383161
Cambodia,KHM,2001,2.9988172
Cambodia,KHM,2002,3.582294
Cambodia,KHM,2003,4.6920037
Cambodia,KHM,2004,18.361485
Cambodia,KHM,2005,42.878967
Cambodia,KHM,2006,58.392403
Cambodia,KHM,2007,72.622284
Cambodia,KHM,2008,56.368748
Cambodia,KHM,2009,24.018522
Cambodia,KHM,2010,35.158478
Cambodia,KHM,2011,48.717247
Cambodia,KHM,2012,53.56183
Cambodia,KHM,2013,58.13453
Cambodia,KHM,2014,62.85001
Cambodia,KHM,2015,77.44433
Cambodia,KHM,2016,91.778435
Cambodia,KHM,2017,110.67108
Cambodia,KHM,2018,124.4911
Cambodia,KHM,2019,125.74235
Cambodia,KHM,2020,19.881851
Cambodia,KHM,2021,1.8385643
Canada,CAN,1995,621.5894
Canada,CAN,1996,641.1128
Canada,CAN,1997,639.5328
Canada,CAN,1998,585.4406
Canada,CAN,1999,604.21497
Canada,CAN,2000,625.1606
Canada,CAN,2001,592.1729
Canada,CAN,2002,565.2504
Canada,CAN,2003,561.0153
Canada,CAN,2004,614.0387
Canada,CAN,2005,654.92474
Canada,CAN,2006,698.73035
Canada,CAN,2007,765.70654
Canada,CAN,2008,813.8226
Canada,CAN,2009,780.0221
Canada,CAN,2010,844.43805
Canada,CAN,2011,887.14636
Canada,CAN,2012,930.36194
Canada,CAN,2013,940.3173
Canada,CAN,2014,946.7127
Canada,CAN,2015,903.0251
Canada,CAN,2016,866.1019
Canada,CAN,2017,904.40686
Canada,CAN,2018,702.92474
Canada,CAN,2019,709.25287
Canada,CAN,2020,133.20593
Canada,CAN,2021,148.97125
Central African Republic,CAF,2002,1.272053
Central African Republic,CAF,2003,1.4899973
Central African Republic,CAF,2004,1.7010332
Central African Republic,CAF,2005,1.900759
Central African Republic,CAF,2006,2.5615041
Central African Republic,CAF,2010,8.154391
Chad,TCD,2000,3.269104
Chad,TCD,2001,4.684496
Chad,TCD,2002,2.6022894
Chile,CHL,2000,85.91824
Chile,CHL,2001,76.01147
Chile,CHL,2002,82.38924
Chile,CHL,2003,84.55706
Chile,CHL,2004,93.89457
Chile,CHL,2005,106.64398
Chile,CHL,2006,115.52184
Chile,CHL,2007,124.094124
Chile,CHL,2008,114.00559
Chile,CHL,2009,113.42297
Chile,CHL,2010,130.47978
Chile,CHL,2011,153.58485
Chile,CHL,2012,163.59921
Chile,CHL,2013,171.27428
Chile,CHL,2014,179.17004
Chile,CHL,2015,187.96738
Chile,CHL,2016,196.47333
Chile,CHL,2017,197.07564
Chile,CHL,2018,204.52957
Chile,CHL,2019,175.74005
Chile,CHL,2020,49.916275
Chile,CHL,2021,26.363062
China,CHN,1995,3.7105618
China,CHN,1996,4.1203327
China,CHN,1997,4.301174
China,CHN,1998,6.757905
China,CHN,1999,7.3536367
China,CHN,2000,8.284952
China,CHN,2001,9.532979
China,CHN,2002,12.960936
China,CHN,2003,15.6896715
China,CHN,2004,22.249096
China,CHN,2005,23.776762
China,CHN,2006,26.29225
China,CHN,2007,30.99023
China,CHN,2008,34.46484
China,CHN,2009,35.5874
China,CHN,2010,42.565174
China,CHN,2011,51.76497
China,CHN,2012,60.869595
China,CHN,2013,71.350174
China,CHN,2014,84.17115
China,CHN,2015,91.74039
China,CHN,2016,96.39133
China,CHN,2017,101.423416
China,CHN,2018,105.65467
China,CHN,2019,108.75301
China,CHN,2020,14.270177
Colombia,COL,1995,29.385513
Colombia,COL,1996,25.359941
Colombia,COL,1997,28.719336
Colombia,COL,1998,28.805292
Colombia,COL,1999,28.456625
Colombia,COL,2000,31.492943
Colombia,COL,2001,34.665504
Colombia,COL,2002,31.566673
Colombia,COL,2003,28.666983
Colombia,COL,2004,33.734894
Colombia,COL,2005,36.782692
Colombia,COL,2007,46.8289
Colombia,COL,2008,46.60471
Colombia,COL,2009,47.885635
Colombia,COL,2010,52.258
Colombia,COL,2011,55.662357
Colombia,COL,2012,69.21871
Colombia,COL,2013,77.96629
Colombia,COL,2014,83.786896
Colombia,COL,2015,81.961426
Colombia,COL,2016,79.68343
Colombia,COL,2017,83.07883
Colombia,COL,2018,88.641815
Colombia,COL,2019,89.2455
Colombia,COL,2020,25.034039
Colombia,COL,2021,58.311348
Cook Islands,COK,1995,337.8759
Cook Islands,COK,1996,392.75095
Cook Islands,COK,1997,454.39053
Cook Islands,COK,1998,468.05524
Cook Islands,COK,1999,484.17358
Cook Islands,COK,2000,565.32666
Cook Islands,COK,2001,587.46735
Cook Islands,COK,2002,598.0464
Cook Islands,COK,2003,662.25165
Cook Islands,COK,2004,792.8642
Cook Islands,COK,2005,857.0675
Cook Islands,COK,2006,853.85876
Cook Islands,COK,2007,836.92786
Cook Islands,COK,2008,807.905
Cook Islands,COK,2009,720.3746
Cook Islands,COK,2010,696.1768
Cook Islands,COK,2011,730.5423
Cook Islands,COK,2012,665.5943
Cook Islands,COK,2013,668.8963
Cook Islands,COK,2014,672.5703
Cook Islands,COK,2015,733.63434
Cook Islands,COK,2016,796.72205
Cook Islands,COK,2017,763.62177
Cook Islands,COK,2018,810.37274
Cook Islands,COK,2019,817.13654
Cook Islands,COK,2020,217.0088
Cook Islands,COK,2021,276.01596
Costa Rica,CRI,1995,76.409485
Costa Rica,CRI,1996,77.40202
Costa Rica,CRI,1997,77.01719
Costa Rica,CRI,1998,86.355156
Costa Rica,CRI,1999,90.47962
Costa Rica,CRI,2000,95.74815
Costa Rica,CRI,2001,89.064926
Costa Rica,CRI,2002,88.2932
Costa Rica,CRI,2003,89.05104
Costa Rica,CRI,2004,99.93409
Costa Rica,CRI,2005,112.83873
Costa Rica,CRI,2006,110.77688
Costa Rica,CRI,2007,129.95428
Costa Rica,CRI,2008,117.283264
Costa Rica,CRI,2009,126.88656
Costa Rica,CRI,2010,143.22029
Costa Rica,CRI,2011,153.20752
Costa Rica,CRI,2012,163.19746
Costa Rica,CRI,2013,164.87389
Costa Rica,CRI,2014,164.72992
Costa Rica,CRI,2015,187.73335
Costa Rica,CRI,2016,209.49586
Costa Rica,CRI,2017,230.2833
Costa Rica,CRI,2018,214.05595
Costa Rica,CRI,2019,226.76642
Costa Rica,CRI,2020,63.24287
Costa Rica,CRI,2021,114.08705
Croatia,HRV,2008,536.45404
Croatia,HRV,2009,569.8127
Croatia,HRV,2010,428.7336
Croatia,HRV,2011,661.78937
Croatia,HRV,2012,618.71014
Croatia,HRV,2013,679.29895
Croatia,HRV,2014,644.9628
Croatia,HRV,2015,605.90094
Croatia,HRV,2016,382.36182
Croatia,HRV,2017,458.67972
Croatia,HRV,2018,494.6535
Croatia,HRV,2019,546.038
Croatia,HRV,2020,120.33571
Croatia,HRV,2021,157.38377
Cuba,CUB,1995,6.589359
Cuba,CUB,1996,6.567524
Cuba,CUB,1997,7.5467377
Cuba,CUB,1998,8.519306
Cuba,CUB,1999,8.762347
Cuba,CUB,2000,12.515984
Cuba,CUB,2001,10.862608
Cuba,CUB,2002,9.937284
Cuba,CUB,2003,10.089993
Cuba,CUB,2004,11.046479
Cuba,CUB,2005,14.404977
Cuba,CUB,2006,17.672182
Cuba,CUB,2007,17.21401
Cuba,CUB,2008,17.913189
Cuba,CUB,2009,18.257257
Cuba,CUB,2010,22.231237
Cuba,CUB,2011,22.391932
Cuba,CUB,2012,18.83407
Cuba,CUB,2013,25.261484
Cuba,CUB,2014,31.327131
Cuba,CUB,2015,51.14689
Cuba,CUB,2016,33.944595
Cuba,CUB,2017,40.489025
Cuba,CUB,2018,48.727768
Cuba,CUB,2019,57.437244
Cuba,CUB,2020,23.980825
Cuba,CUB,2021,21.676609
Czechia,CZE,2003,703.842
Czechia,CZE,2004,647.4026
Czechia,CZE,2005,677.3266
Czechia,CZE,2006,620.38916
Czechia,CZE,2007,875.23193
Czechia,CZE,2008,931.2444
Czechia,CZE,2009,854.38635
Czechia,CZE,2010,828.78235
Czechia,CZE,2011,502.93533
Czechia,CZE,2012,515.55194
Czechia,CZE,2013,549.8097
Czechia,CZE,2014,537.31146
Czechia,CZE,2015,556.45294
Czechia,CZE,2016,572.49603
Czechia,CZE,2017,643.31946
Czechia,CZE,2018,701.49805
Czechia,CZE,2019,697.1706
Czechia,CZE,2020,227.80469
Czechia,CZE,2021,110.45836
Democratic Republic of Congo,COD,1998,1.0894307
Democratic Republic of Congo,COD,1999,1.0587112
Democratic Republic of Congo,COD,2015,4.5259852
Democratic Republic of Congo,COD,2016,5.206864
Denmark,DNK,1996,957.95245
Denmark,DNK,1997,889.2662
Denmark,DNK,1998,903.56824
Denmark,DNK,1999,891.7535
Denmark,DNK,2000,938.2732
Denmark,DNK,2001,922.6316
Denmark,DNK,2002,917.50793
Denmark,DNK,2003,1031.0663
Denmark,DNK,2004,854.94025
Denmark,DNK,2005,1006.0125
Denmark,DNK,2006,1122.967
Denmark,DNK,2007,1197.871
Denmark,DNK,2008,1153.4229
Denmark,DNK,2009,1273.3298
Denmark,DNK,2010,1391.8589
Denmark,DNK,2011,1407.0978
Denmark,DNK,2012,1400.2969
Denmark,DNK,2013,1240.2689
Denmark,DNK,2014,1509.2058
Denmark,DNK,2015,1583.5372
Denmark,DNK,2016,1691.1238
Denmark,DNK,2017,1409.5515
Denmark,DNK,2018,1296.2378
Denmark,DNK,2019,1568.0106
Denmark,DNK,2020,726.1007
Denmark,DNK,2021,543.5371
Dominican Republic,DOM,1995,21.347553
Dominican Republic,DOM,1996,44.681217
Dominican Republic,DOM,1997,43.557865
Dominican Republic,DOM,1998,42.742653
Dominican Republic,DOM,1999,43.15582
Dominican Republic,DOM,2000,42.15067
Dominican Republic,DOM,2001,38.18186
Dominican Republic,DOM,2002,37.748276
Dominican Republic,DOM,2003,35.987125
Dominican Republic,DOM,2004,40.69385
Dominican Republic,DOM,2005,45.71855
Dominican Republic,DOM,2006,45.238297
Dominican Republic,DOM,2007,47.11659
Dominican Republic,DOM,2008,43.368896
Dominican Republic,DOM,2009,43.013824
Dominican Republic,DOM,2010,41.019844
Dominican Republic,DOM,2011,41.196545
Dominican Republic,DOM,2012,41.6713
Dominican Republic,DOM,2013,38.59387
Dominican Republic,DOM,2014,41.528416
Dominican Republic,DOM,2015,45.93578
Dominican Republic,DOM,2016,47.494255
Dominican Republic,DOM,2017,49.026756
Dominican Republic,DOM,2018,47.74497
Dominican Republic,DOM,2019,48.888584
Dominican Republic,DOM,2020,19.091486
Dominican Republic,DOM,2021,50.009567
Ecuador,ECU,1995,23.439493
Ecuador,ECU,1996,23.354122
Ecuador,ECU,1997,26.777134
Ecuador,ECU,1998,27.049864
Ecuador,ECU,1999,31.098797
Ecuador,ECU,2000,41.18319
Ecuador,ECU,2001,43.750652
Ecuador,ECU,2002,47.970192
Ecuador,ECU,2003,46.08611
Ecuador,ECU,2004,44.552486
Ecuador,ECU,2005,48.22072
Ecuador,ECU,2006,52.32327
Ecuador,ECU,2007,56.203278
Ecuador,ECU,2008,56.219303
Ecuador,ECU,2009,55.213512
Ecuador,ECU,2010,59.97499
Ecuador,ECU,2011,67.07034
Ecuador,ECU,2012,66.00411
Ecuador,ECU,2013,72.3781
Ecuador,ECU,2014,68.680305
Ecuador,ECU,2015,75.389435
Ecuador,ECU,2016,83.09211
Ecuador,ECU,2017,80.67343
Ecuador,ECU,2018,82.39463
Ecuador,ECU,2019,87.351395
Ecuador,ECU,2020,28.88235
Ecuador,ECU,2021,48.77025
Egypt,EGY,1995,41.812828
Egypt,EGY,1996,42.888607
Egypt,EGY,1997,40.63067
Egypt,EGY,1998,41.697098
Egypt,EGY,1999,41.282894
Egypt,EGY,2000,41.52926
Egypt,EGY,2001,42.19383
Egypt,EGY,2002,44.761818
Egypt,EGY,2003,47.970516
Egypt,EGY,2004,67.20636
Egypt,EGY,2005,67.113235
Egypt,EGY,2006,56.195198
El Salvador,SLV,2010,163.39444
El Salvador,SLV,2011,189.00653
El Salvador,SLV,2012,188.75908
El Salvador,SLV,2013,188.50108
El Salvador,SLV,2014,187.29282
El Salvador,SLV,2015,200.60753
El Salvador,SLV,2016,225.74147
El Salvador,SLV,2017,222.447
El Salvador,SLV,2018,200.75394
El Salvador,SLV,2019,211.93518
El Salvador,SLV,2020,61.022762
El Salvador,SLV,2021,126.85763
Estonia,EST,1995,1214.2263
Estonia,EST,1996,1078.2968
Estonia,EST,1997,1136.8345
Estonia,EST,1998,1175.6361
Estonia,EST,1999,1268.2633
Estonia,EST,2000,1288.5851
Estonia,EST,2001,1194.5245
Estonia,EST,2002,1340.5924
Estonia,EST,2003,1513.866
Estonia,EST,2006,325.23682
Estonia,EST,2007,505.0068
Estonia,EST,2008,517.57166
Estonia,EST,2009,563.48285
Estonia,EST,2010,717.21735
Estonia,EST,2011,794.0125
Estonia,EST,2012,867.1774
Estonia,EST,2013,884.68384
Estonia,EST,2014,1084.7975
Estonia,EST,2015,950.8176
Estonia,EST,2016,1017.5329
Estonia,EST,2017,970.74115
Estonia,EST,2018,1564.8801
Estonia,EST,2019,1282.5546
Estonia,EST,2020,419.72275
Estonia,EST,2021,432.7525
Eswatini,SWZ,2005,1009.42725
Eswatini,SWZ,2006,994.6676
Eswatini,SWZ,2007,1042.421
Eswatini,SWZ,2008,1079.9304
Eswatini,SWZ,2009,1137.1006
Eswatini,SWZ,2010,1037.3425
Eswatini,SWZ,2011,1143.4991
Eswatini,SWZ,2012,1262.3116
Eswatini,SWZ,2013,1406.5629
Eswatini,SWZ,2014,1471.7482
Eswatini,SWZ,2015,1510.6606
Eswatini,SWZ,2016,1565.8246
Eswatini,SWZ,2017,1520.7614
Eswatini,SWZ,2018,1479.6239
Eswatini,SWZ,2019,1471.4181
Eswatini,SWZ,2020,413.3271
Eswatini,SWZ,2021,247.42656
Ethiopia,ETH,1995,2.0878084
Ethiopia,ETH,1996,2.2410321
Fiji,FJI,1995,85.83182
Fiji,FJI,1996,90.39072
Fiji,FJI,1997,91.97402
Fiji,FJI,1998,95.82733
Fiji,FJI,1999,108.08421
Fiji,FJI,2000,99.697784
Fiji,FJI,2001,101.031235
Fiji,FJI,2002,116.4847
Fiji,FJI,2003,121.16891
Fiji,FJI,2004,108.45749
Fiji,FJI,2005,124.581535
Fiji,FJI,2006,137.01794
Fiji,FJI,2007,134.7323
Fiji,FJI,2008,138.2805
Fiji,FJI,2009,138.67471
Fiji,FJI,2010,141.40897
Fiji,FJI,2011,145.317
Fiji,FJI,2012,144.88507
Fiji,FJI,2016,169.866
Fiji,FJI,2017,183.89114
Fiji,FJI,2018,189.33582
Fiji,FJI,2019,189.44508
Fiji,FJI,2020,43.45795
Fiji,FJI,2021,15.141438
Finland,FIN,1995,1007.64655
Finland,FIN,1996,959.6627
Finland,FIN,1997,1018.1045
Finland,FIN,1998,920.33685
Finland,FIN,1999,1028.7484
Finland,FIN,2000,1142.5353
Finland,FIN,2001,1122.5891
Finland,FIN,2002,1126.2188
Finland,FIN,2003,1071.3619
Finland,FIN,2004,1108.9979
Finland,FIN,2005,1125.0326
Finland,FIN,2006,1092.998
Finland,FIN,2007,1087.0359
Finland,FIN,2008,1101.7515
Finland,FIN,2009,1092.3777
Finland,FIN,2010,1236.7434
Finland,FIN,2011,1349.9938
Finland,FIN,2012,1672.5574
Finland,FIN,2013,1574.2231
Finland,FIN,2014,1598.6638
Finland,FIN,2015,1624.9785
Finland,FIN,2016,1660.5349
Finland,FIN,2017,1693.8549
Finland,FIN,2018,1713.3641
Finland,FIN,2019,1704.235
Finland,FIN,2020,421.3787
Finland,FIN,2021,326.95193
France,FRA,1995,325.42465
France,FRA,1996,314.99475
France,FRA,1997,295.90573
France,FRA,1998,311.24127
France,FRA,1999,286.34735
France,FRA,2000,338.9729
France,FRA,2001,326.44366
France,FRA,2002,308.47467
France,FRA,2003,311.00854
France,FRA,2004,351.548
France,FRA,2005,371.50836
France,FRA,2006,365.07404
France,FRA,2007,458.23062
France,FRA,2008,413.24667
France,FRA,2009,404.8746
France,FRA,2010,401.01166
France,FRA,2011,416.64496
France,FRA,2012,401.40213
France,FRA,2013,411.49326
France,FRA,2014,439.0574
France,FRA,2015,417.6163
France,FRA,2016,413.86594
France,FRA,2017,452.96454
France,FRA,2018,474.6428
France,FRA,2019,472.16016
France,FRA,2020,185.12703
France,FRA,2021,212.00516
French Polynesia,PYF,1995,272.19232
French Polynesia,PYF,1996,276.36053
French Polynesia,PYF,2009,311.73395
French Polynesia,PYF,2010,313.60666
French Polynesia,PYF,2011,294.45273
French Polynesia,PYF,2012,289.61133
French Polynesia,PYF,2014,165.58575
French Polynesia,PYF,2015,188.48785
French Polynesia,PYF,2016,163.51447
French Polynesia,PYF,2017,186.15292
French Polynesia,PYF,2018,157.92215
French Polynesia,PYF,2019,210.18916
French Polynesia,PYF,2020,39.743652
Gabon,GAB,1998,167.79092
Gabon,GAB,1999,150.7119
Gabon,GAB,2000,131.97784
Gabon,GAB,2001,144.65102
Gabon,GAB,2002,163.22624
Gabon,GAB,2003,171.21225
Gambia,GMB,2005,233.07959
Gambia,GMB,2006,179.3961
Georgia,GEO,1995,46.743515
Georgia,GEO,1996,45.996063
Georgia,GEO,1997,76.50808
Georgia,GEO,1998,95.83023
Georgia,GEO,1999,84.87873
Georgia,GEO,2000,73.85394
Georgia,GEO,2001,73.83306
Georgia,GEO,2002,78.05715
Georgia,GEO,2004,116.82533
Georgia,GEO,2005,216.3495
Georgia,GEO,2006,342.15704
Georgia,GEO,2007,377.0662
Georgia,GEO,2008,482.5114
Georgia,GEO,2009,513.5916
Georgia,GEO,2010,543.6774
Georgia,GEO,2011,585.3467
Georgia,GEO,2012,718.64954
Georgia,GEO,2013,850.4962
Georgia,GEO,2014,822.94885
Georgia,GEO,2015,831.5799
Georgia,GEO,2016,901.5908
Georgia,GEO,2017,1020.9698
Georgia,GEO,2018,980.2978
Georgia,GEO,2019,1002.4361
Germany,DEU,1997,685.1998
Germany,DEU,1998,848.8258
Germany,DEU,1999,957.61285
Germany,DEU,2000,987.18994
Germany,DEU,2001,1000.44696
Germany,DEU,2002,987.1024
Germany,DEU,2003,1049.1499
Germany,DEU,2004,1044.2042
Germany,DEU,2005,1066.6135
Germany,DEU,2006,1007.67676
Germany,DEU,2007,1011.27277
Germany,DEU,2008,1061.3601
Germany,DEU,2009,1052.7485
Germany,DEU,2010,1055.9103
Germany,DEU,2011,1040.1434
Germany,DEU,2012,1014.5125
Germany,DEU,2013,1070.7439
Germany,DEU,2014,1014.0385
Germany,DEU,2015,1020.2717
Germany,DEU,2016,1104.8757
Germany,DEU,2017,1118.3384
Germany,DEU,2018,1309.3646
Germany,DEU,2019,1197.0562
Ghana,GHA,2015,5.458775
Ghana,GHA,2016,5.694603
Ghana,GHA,2017,6.366167
Ghana,GHA,2018,6.2324576
Ghana,GHA,2019,7.045807
Ghana,GHA,2020,4.9657555
Greece,GRC,2008,339.9972
Greece,GRC,2009,346.88608
Greece,GRC,2010,344.30618
Greece,GRC,2011,448.98874
Greece,GRC,2012,426.957
Greece,GRC,2013,420.90793
Greece,GRC,2014,534.108
Greece,GRC,2015,582.14185
Greece,GRC,2016,673.0394
Greece,GRC,2017,718.7462
Greece,GRC,2018,748.6875
Greece,GRC,2019,742.19604
Greece,GRC,2020,221.07579
Greece,GRC,2021,193.96158
Guatemala,GTM,2009,39.412556
Guatemala,GTM,2010,40.22519
Guatemala,GTM,2011,40.179436
Guatemala,GTM,2012,38.338726
Guatemala,GTM,2013,44.479996
Guatemala,GTM,2014,53.456387
Guatemala,GTM,2015,58.68345
Guatemala,GTM,2016,64.6369
Guatemala,GTM,2017,64.35962
Guatemala,GTM,2018,72.93692
Guatemala,GTM,2019,75.91338
Guatemala,GTM,2020,23.124262
Guatemala,GTM,2021,23.53411
Honduras,HND,1995,25.632927
Honduras,HND,1996,27.105925
Honduras,HND,1997,29.78459
Honduras,HND,1998,32.020092
Honduras,HND,1999,36.280155
Honduras,HND,2000,41.16137
Honduras,HND,2001,40.802235
Honduras,HND,2002,39.744087
Honduras,HND,2003,38.462162
Honduras,HND,2004,39.95445
Honduras,HND,2005,37.54322
Honduras,HND,2006,38.088085
Honduras,HND,2007,39.75033
Honduras,HND,2008,47.767303
Honduras,HND,2009,47.72082
Honduras,HND,2010,48.278675
Honduras,HND,2011,52.073006
Honduras,HND,2012,52.77303
Honduras,HND,2013,52.56313
Honduras,HND,2014,61.02203
Honduras,HND,2015,74.45255
Honduras,HND,2016,70.18436
Honduras,HND,2017,50.37995
Honduras,HND,2018,51.159756
Hungary,HUN,2005,694.2946
Hungary,HUN,2006,597.2917
Hungary,HUN,2007,571.04895
Hungary,HUN,2008,614.05646
Hungary,HUN,2009,566.7137
Hungary,HUN,2010,530.39844
Hungary,HUN,2011,536.006
Hungary,HUN,2012,491.9305
Hungary,HUN,2013,496.43054
Hungary,HUN,2014,566.1789
Hungary,HUN,2015,648.29724
Hungary,HUN,2016,722.4578
Hungary,HUN,2017,770.1549
Hungary,HUN,2018,884.685
Hungary,HUN,2019,959.1888
Hungary,HUN,2020,400.79703
Hungary,HUN,2021,448.82565
Iceland,ISL,1995,620.1226
Iceland,ISL,1996,705.9523
Iceland,ISL,1997,748.07544
Iceland,ISL,1998,827.5852
Iceland,ISL,1999,925.67914
Iceland,ISL,2000,1005.43933
Iceland,ISL,2005,1225.4365
Iceland,ISL,2006,1446.9591
Iceland,ISL,2007,1475.0255
Iceland,ISL,2008,1303.0259
Iceland,ISL,2009,812.3986
Iceland,ISL,2010,939.2296
Iceland,ISL,2011,1067.9344
Iceland,ISL,2012,1115.3065
Iceland,ISL,2013,1126.4181
Iceland,ISL,2014,1220.815
Iceland,ISL,2015,1359.2374
Iceland,ISL,2016,1596.7731
Iceland,ISL,2017,1801.2985
Iceland,ISL,2018,1892.614
Iceland,ISL,2019,1693.52
Iceland,ISL,2020,354.53064
Iceland,ISL,2021,591.3517
India,IND,1995,3.1692069
India,IND,1996,3.5228987
India,IND,1997,3.7173193
India,IND,1998,3.7310271
India,IND,1999,3.9548292
India,IND,2000,4.167478
India,IND,2001,4.2299566
India,IND,2002,4.4978065
India,IND,2003,4.7887306
India,IND,2004,5.4679165
India,IND,2005,6.222726
India,IND,2006,7.1137724
India,IND,2007,8.223138
India,IND,2008,9.006121
India,IND,2009,9.044325
India,IND,2010,10.469013
India,IND,2011,11.127357
India,IND,2012,11.70667
India,IND,2013,12.877072
India,IND,2014,14.021839
India,IND,2015,15.402914
India,IND,2016,16.339016
India,IND,2019,19.296339
India,IND,2020,5.0967245
India,IND,2021,5.9656262
Indonesia,IDN,2021,1.8374215
Iran,IRN,1995,16.448772
Iran,IRN,1996,19.773247
Iran,IRN,1997,22.935146
Iran,IRN,1998,26.63035
Iran,IRN,1999,28.786465
Iran,IRN,2000,34.877132
Iran,IRN,2001,35.99558
Iran,IRN,2002,43.385193
Iran,IRN,2021,27.319225
Israel,ISR,1995,412.32123
Israel,ISR,1996,446.3259
Israel,ISR,1997,471.33347
Israel,ISR,1998,508.22012
Israel,ISR,1999,534.35956
Israel,ISR,2000,577.08453
Israel,ISR,2001,570.8575
Israel,ISR,2002,514.89
Israel,ISR,2003,509.42593
Israel,ISR,2004,547.9086
Israel,ISR,2005,549.1413
Israel,ISR,2006,543.4654
Israel,ISR,2007,596.5184
Israel,ISR,2008,594.66846
Israel,ISR,2009,556.55066
Israel,ISR,2010,582.52515
Israel,ISR,2011,588.0894
Israel,ISR,2012,572.83234
Israel,ISR,2013,615.65936
Israel,ISR,2014,658.83765
Israel,ISR,2015,735.65985
Israel,ISR,2016,831.1052
Israel,ISR,2017,914.2816
Israel,ISR,2018,1001.9527
Israel,ISR,2019,1066.3433
Israel,ISR,2020,176.30629
Israel,ISR,2021,339.5484
Italy,ITA,1996,319.39066
Italy,ITA,1997,303.09628
Italy,ITA,1998,310.82532
Italy,ITA,1999,304.87277
Italy,ITA,2000,352.4885
Italy,ITA,2001,360.85626
Italy,ITA,2002,402.36343
Italy,ITA,2003,427.89594
Italy,ITA,2004,372.56744
Italy,ITA,2005,397.71564
Italy,ITA,2006,411.1251
Italy,ITA,2007,438.74902
Italy,ITA,2008,446.84415
Italy,ITA,2009,461.52933
Italy,ITA,2010,471.19434
Italy,ITA,2011,463.64944
Italy,ITA,2012,454.82523
Italy,ITA,2013,436.14435
Italy,ITA,2014,445.30432
Italy,ITA,2015,456.46146
Italy,ITA,2016,483.49408
Italy,ITA,2017,530.0478
Italy,ITA,2018,556.9227
Italy,ITA,2019,581.0179
Italy,ITA,2020,200.99805
Italy,ITA,2021,208.54034
Jordan,JOR,1995,253.01686
Jordan,JOR,1996,247.57605
Jordan,JOR,1997,260.47464
Jordan,JOR,1998,278.0521
Jordan,JOR,1999,315.304
Jordan,JOR,2000,321.38937
Jordan,JOR,2001,339.89804
Jordan,JOR,2002,241.87138
Jordan,JOR,2003,227.75615
Jordan,JOR,2004,256.66858
Jordan,JOR,2005,268.2027
Jordan,JOR,2006,352.0669
Jordan,JOR,2007,323.4746
Jordan,JOR,2008,297.30676
Jordan,JOR,2009,302.92715
Jordan,JOR,2010,390.69357
Jordan,JOR,2011,271.5901
Jordan,JOR,2012,217.28079
Jordan,JOR,2013,194.67647
Jordan,JOR,2014,142.06465
Jordan,JOR,2016,151.6359
Jordan,JOR,2017,155.84338
Jordan,JOR,2018,143.50092
Jordan,JOR,2019,143.66255
Jordan,JOR,2020,37.14981
Jordan,JOR,2021,75.88609
Kazakhstan,KAZ,1996,32.39544
Kazakhstan,KAZ,1997,26.484734
Kazakhstan,KAZ,1998,32.440975
Kazakhstan,KAZ,1999,26.087658
Kazakhstan,KAZ,2000,81.84425
Kazakhstan,KAZ,2001,150.11824
Kazakhstan,KAZ,2002,148.24992
Kazakhstan,KAZ,2003,153.98877
Kazakhstan,KAZ,2004,252.22394
Kazakhstan,KAZ,2005,190.0199
Kazakhstan,KAZ,2006,228.46849
Kazakhstan,KAZ,2007,277.95587
Kazakhstan,KAZ,2008,261.72287
Kazakhstan,KAZ,2009,323.67282
Kazakhstan,KAZ,2010,354.40564
Kazakhstan,KAZ,2011,465.58182
Kazakhstan,KAZ,2012,518.9188
Kazakhstan,KAZ,2013,572.5327
Kazakhstan,KAZ,2014,581.5045
Kuwait,KWT,1995,530.4405
Kuwait,KWT,1996,617.031
Kuwait,KWT,1997,622.77423
Kuwait,KWT,1998,694.6761
Kuwait,KWT,1999,643.9644
Kuwait,KWT,2000,638.7894
Kuwait,KWT,2001,836.48145
Kuwait,KWT,2002,842.54517
Kuwait,KWT,2003,844.1541
Kuwait,KWT,2004,895.29297
Kuwait,KWT,2005,972.0816
Kuwait,KWT,2006,1070.0608
Kuwait,KWT,2007,1056.7367
Kyrgyzstan,KGZ,1995,9.137472
Kyrgyzstan,KGZ,1998,6.860115
Kyrgyzstan,KGZ,1999,9.22336
Kyrgyzstan,KGZ,2000,9.523453
Kyrgyzstan,KGZ,2001,9.234272
Kyrgyzstan,KGZ,2002,11.737449
Kyrgyzstan,KGZ,2003,22.842398
Kyrgyzstan,KGZ,2004,46.52482
Kyrgyzstan,KGZ,2005,38.705116
Kyrgyzstan,KGZ,2006,86.52918
Kyrgyzstan,KGZ,2007,105.57574
Latvia,LVA,2009,739.7939
Latvia,LVA,2010,785.13965
Latvia,LVA,2011,736.6486
Latvia,LVA,2012,680.74414
Latvia,LVA,2013,613.3426
Latvia,LVA,2014,677.26154
Latvia,LVA,2015,623.50934
Latvia,LVA,2016,633.39984
Latvia,LVA,2017,647.10486
Latvia,LVA,2018,706.7459
Latvia,LVA,2019,772.2201
Latvia,LVA,2020,227.72115
Latvia,LVA,2021,273.22318
Libya,LBY,1995,102.259315
Libya,LBY,1996,102.280525
Libya,LBY,1997,132.58952
Lithuania,LTU,1995,513.70746
Lithuania,LTU,1996,769.474
Lithuania,LTU,1997,806.7884
Lithuania,LTU,1998,884.1871
Lithuania,LTU,1999,959.5622
Lithuania,LTU,2000,1008.99005
Lithuania,LTU,2001,952.20844
Lithuania,LTU,2002,1019.39844
Lithuania,LTU,2003,1009.3141
Lithuania,LTU,2005,484.06183
Lithuania,LTU,2006,538.37915
Lithuania,LTU,2007,507.57605
Lithuania,LTU,2008,544.9103
Lithuania,LTU,2009,404.97006
Lithuania,LTU,2010,449.5032
Lithuania,LTU,2011,492.28983
Lithuania,LTU,2012,557.56134
Lithuania,LTU,2013,582.526
Lithuania,LTU,2014,597.34326
Lithuania,LTU,2015,627.5803
Lithuania,LTU,2016,665.7177
Lithuania,LTU,2017,699.6156
Lithuania,LTU,2018,780.21564
Lithuania,LTU,2019,823.7738
Lithuania,LTU,2020,241.8209
Lithuania,LTU,2021,297.92023
Luxembourg,LUX,1997,1658.6483
Luxembourg,LUX,1998,1787.1519
Luxembourg,LUX,1999,1884.2349
Luxembourg,LUX,2000,2180.7297
Luxembourg,LUX,2001,2091.7656
Luxembourg,LUX,2002,2352.44
Luxembourg,LUX,2003,2262.0977
Luxembourg,LUX,2004,2402.8064
Luxembourg,LUX,2005,2549.1106
Luxembourg,LUX,2006,2294.6558
Luxembourg,LUX,2007,2358.9377
Luxembourg,LUX,2008,2435.3157
Luxembourg,LUX,2009,2735.6208
Luxembourg,LUX,2010,2439.4814
Luxembourg,LUX,2011,3170.5476
Luxembourg,LUX,2012,2977.7834
Luxembourg,LUX,2013,2990.4175
Luxembourg,LUX,2014,3263.9482
Luxembourg,LUX,2015,2989.0327
Luxembourg,LUX,2016,2722.1846
Luxembourg,LUX,2017,3934.3271
Luxembourg,LUX,2018,4128.8325
Luxembourg,LUX,2019,4109.803
Luxembourg,LUX,2020,2315.986
Luxembourg,LUX,2021,2837.3455
Madagascar,MDG,1995,2.8119993
Malawi,MWI,2019,6.360197
Maldives,MDV,1995,123.92677
Maldives,MDV,1996,121.27598
Maldives,MDV,1997,122.651955
Maldives,MDV,1998,135.13217
Maldives,MDV,1999,151.01341
Maldives,MDV,2000,148.66205
Maldives,MDV,2001,142.69307
Maldives,MDV,2002,147.11266
Maldives,MDV,2003,148.03252
Maldives,MDV,2004,201.89183
Maldives,MDV,2005,250.79555
Maldives,MDV,2006,235.36072
Maldives,MDV,2007,313.71585
Maldives,MDV,2008,365.10434
Malta,MLT,1995,426.858
Malta,MLT,1996,436.0567
Malta,MLT,1997,442.33792
Malta,MLT,1998,425.4918
Malta,MLT,1999,452.0282
Malta,MLT,2000,500.98694
Malta,MLT,2001,445.09317
Malta,MLT,2002,387.93402
Malta,MLT,2003,427.59616
Malta,MLT,2004,496.56927
Malta,MLT,2005,548.4902
Malta,MLT,2006,624.9939
Malta,MLT,2007,679.46155
Malta,MLT,2008,631.3391
Malta,MLT,2009,635.3653
Malta,MLT,2010,702.0761
Malta,MLT,2011,729.50134
Malta,MLT,2012,769.925
Malta,MLT,2013,829.6555
Malta,MLT,2014,875.7999
Malta,MLT,2015,937.3939
Malta,MLT,2016,1062.6084
Malta,MLT,2017,1194.9773
Malta,MLT,2018,1356.8218
Malta,MLT,2019,1403.7638
Malta,MLT,2020,382.2541
Malta,MLT,2021,575.22437
Mauritius,MUS,1995,92.224045
Mauritius,MUS,1996,102.34149
Mauritius,MUS,1997,111.46154
Mauritius,MUS,1998,119.67739
Mauritius,MUS,1999,127.75672
Mauritius,MUS,2000,134.05377
Mauritius,MUS,2001,131.3994
Mauritius,MUS,2002,131.28316
Mauritius,MUS,2003,129.59384
Mauritius,MUS,2004,143.95532
Mauritius,MUS,2005,145.46321
Mauritius,MUS,2006,147.0615
Mauritius,MUS,2007,167.63852
Mauritius,MUS,2008,177.15889
Mauritius,MUS,2009,153.1408
Mauritius,MUS,2010,165.19304
Mauritius,MUS,2011,170.26384
Mauritius,MUS,2012,183.8987
Mauritius,MUS,2013,176.6486
Mauritius,MUS,2014,172.58566
Mauritius,MUS,2015,187.13863
Mauritius,MUS,2016,200.94148
Mauritius,MUS,2017,218.5762
Mauritius,MUS,2018,228.50331
Mauritius,MUS,2019,246.85948
Mauritius,MUS,2020,50.083603
Mauritius,MUS,2021,32.334503
Mexico,MEX,1995,93.92065
Mexico,MEX,1996,98.27861
Mexico,MEX,1997,95.61821
Mexico,MEX,1998,101.69121
Mexico,MEX,1999,107.458565
Mexico,MEX,2000,113.1972
Mexico,MEX,2001,121.485855
Mexico,MEX,2002,118.39423
Mexico,MEX,2003,107.82066
Mexico,MEX,2004,120.197235
Mexico,MEX,2005,126.18263
Mexico,MEX,2006,130.99841
Mexico,MEX,2007,140.87332
Mexico,MEX,2008,132.44351
Mexico,MEX,2009,127.006516
Mexico,MEX,2010,127.37665
Mexico,MEX,2011,129.64465
Mexico,MEX,2012,134.6022
Mexico,MEX,2013,135.65443
Mexico,MEX,2014,153.76921
Mexico,MEX,2015,163.15453
Mexico,MEX,2016,166.4181
Mexico,MEX,2017,155.21912
Mexico,MEX,2018,159.24026
Mexico,MEX,2019,158.37192
Mexico,MEX,2020,58.294437
Mexico,MEX,2021,91.10917
Moldova,MDA,1995,15.914865
Moldova,MDA,1996,12.189069
Moldova,MDA,1997,7.9657807
Moldova,MDA,1998,6.4315553
Moldova,MDA,1999,8.59677
Moldova,MDA,2000,7.5266294
Moldova,MDA,2001,7.142007
Moldova,MDA,2002,12.537238
Moldova,MDA,2003,16.365477
Moldova,MDA,2004,16.802578
Moldova,MDA,2005,14.245086
Moldova,MDA,2006,17.246855
Moldova,MDA,2007,21.151209
Moldova,MDA,2008,22.29555
Moldova,MDA,2009,24.803333
Moldova,MDA,2010,31.781971
Moldova,MDA,2011,37.801083
Moldova,MDA,2012,41.742737
Moldova,MDA,2013,46.04084
Moldova,MDA,2014,53.76927
Moldova,MDA,2015,56.660942
Moldova,MDA,2016,52.711136
Moldova,MDA,2017,67.91353
Moldova,MDA,2018,79.88952
Moldova,MDA,2019,92.94111
Moldova,MDA,2020,23.664051
Moldova,MDA,2021,70.74943
Morocco,MAR,1995,49.51304
Morocco,MAR,1996,44.890396
Morocco,MAR,1997,43.90973
Morocco,MAR,1998,45.876797
Morocco,MAR,1999,54.83197
Morocco,MAR,2000,52.81144
Morocco,MAR,2001,58.796894
Morocco,MAR,2002,52.31757
Morocco,MAR,2003,54.346962
Morocco,MAR,2004,53.3744
Morocco,MAR,2005,73.837
Morocco,MAR,2006,69.243935
Morocco,MAR,2007,85.45549
Morocco,MAR,2008,108.13973
Morocco,MAR,2009,71.560356
Morocco,MAR,2010,66.9955
Morocco,MAR,2011,72.27149
Morocco,MAR,2012,69.65065
Morocco,MAR,2013,64.93405
Morocco,MAR,2014,54.016792
Morocco,MAR,2015,55.074245
Morocco,MAR,2016,53.094414
Morocco,MAR,2017,52.04329
Morocco,MAR,2018,53.524437
Morocco,MAR,2019,55.33763
Morocco,MAR,2020,17.607569
Morocco,MAR,2021,23.437971
Nepal,NPL,1995,4.483185
Nepal,NPL,1996,5.22297
Nepal,NPL,1997,5.6775603
Nepal,NPL,1998,5.146956
Nepal,NPL,1999,5.177449
Nepal,NPL,2000,6.3112025
Nepal,NPL,2001,8.014082
Nepal,NPL,2002,9.395165
Nepal,NPL,2003,10.045589
Nepal,NPL,2004,10.998321
Nepal,NPL,2005,14.190542
Nepal,NPL,2006,15.649173
Nepal,NPL,2007,17.556566
Nepal,NPL,2008,20.869339
Nepal,NPL,2009,21.79306
Nepal,NPL,2010,28.164791
Nepal,NPL,2011,28.386587
Nepal,NPL,2012,31.539629
Nepal,NPL,2013,35.900074
Nepal,NPL,2017,42.471775
Netherlands,NLD,1995,797.12976
Netherlands,NLD,1996,824.20465
Netherlands,NLD,1997,822.6534
Netherlands,NLD,1998,862.0075
Netherlands,NLD,1999,897.0124
Netherlands,NLD,2000,874.00964
Netherlands,NLD,2001,889.3961
Netherlands,NLD,2002,1041.2253
Netherlands,NLD,2003,1018.4421
Netherlands,NLD,2004,1057.6663
Netherlands,NLD,2005,1047.7908
Netherlands,NLD,2006,1022.6221
Netherlands,NLD,2007,1069.0471
Netherlands,NLD,2008,1117.748
Netherlands,NLD,2009,1109.0819
Netherlands,NLD,2010,1105.366
Netherlands,NLD,2011,1111.2794
Netherlands,NLD,2012,1109.7809
Netherlands,NLD,2013,1072.7233
Netherlands,NLD,2014,1057.4446
Netherlands,NLD,2015,1028.9823
Netherlands,NLD,2016,1060.001
Netherlands,NLD,2017,1206.6458
Netherlands,NLD,2018,1213.7539
Netherlands,NLD,2019,1269.6349
Netherlands,NLD,2020,439.75867
Netherlands,NLD,2021,662.85004
New Caledonia,NCL,1995,295.41803
New Caledonia,NCL,1996,313.57025
New Caledonia,NCL,1997,302.2583
New Caledonia,NCL,1998,319.59244
New Caledonia,NCL,1999,317.77612
New Caledonia,NCL,2000,311.44492
New Caledonia,NCL,2001,300.8863
New Caledonia,NCL,2002,312.48645
New Caledonia,NCL,2003,332.34906
New Caledonia,NCL,2004,372.9217
New Caledonia,NCL,2005,396.4534
New Caledonia,NCL,2006,407.08823
New Caledonia,NCL,2007,425.05756
New Caledonia,NCL,2008,442.53033
New Caledonia,NCL,2009,463.05664
New Caledonia,NCL,2010,504.9056
New Caledonia,NCL,2011,465.61926
New Caledonia,NCL,2012,445.97607
New Caledonia,NCL,2013,437.765
New Caledonia,NCL,2014,441.5876
New Caledonia,NCL,2015,448.69824
New Caledonia,NCL,2016,472.2417
New Caledonia,NCL,2017,474.75366
New Caledonia,NCL,2018,487.91275
New Caledonia,NCL,2019,504.60098
New Caledonia,NCL,2020,405.01096
New Caledonia,NCL,2021,69.49053
New Zealand,NZL,1995,250.41516
New Zealand,NZL,1996,293.1505
New Zealand,NZL,1997,299.7998
New Zealand,NZL,1998,306.03296
New Zealand,NZL,1999,309.1173
New Zealand,NZL,2000,332.79156
New Zealand,NZL,2001,330.88345
New Zealand,NZL,2002,327.45932
New Zealand,NZL,2003,341.7958
New Zealand,NZL,2004,424.60764
New Zealand,NZL,2005,452.96365
New Zealand,NZL,2006,445.2168
New Zealand,NZL,2007,468.55438
New Zealand,NZL,2008,461.7116
New Zealand,NZL,2009,445.74756
New Zealand,NZL,2010,466.1388
New Zealand,NZL,2011,478.39966
New Zealand,NZL,2012,492.48517
New Zealand,NZL,2013,493.63675
New Zealand,NZL,2014,504.187
New Zealand,NZL,2015,525.42255
New Zealand,NZL,2016,559.32965
New Zealand,NZL,2017,601.1058
New Zealand,NZL,2018,627.8769
New Zealand,NZL,2019,650.3284
New Zealand,NZL,2020,100.96559
New Zealand,NZL,2021,45.616436
Nicaragua,NIC,1995,54.00332
Nicaragua,NIC,1996,58.59873
Nicaragua,NIC,1997,67.40246
Nicaragua,NIC,1998,84.83178
Nicaragua,NIC,1999,89.50699
Nicaragua,NIC,2000,94.86216
Nicaragua,NIC,2001,96.09524
Nicaragua,NIC,2002,101.15959
Nicaragua,NIC,2003,105.57829
Nicaragua,NIC,2004,130.14693
Nicaragua,NIC,2005,135.66331
Nicaragua,NIC,2006,139.78778
Nicaragua,NIC,2007,169.23883
Nicaragua,NIC,2008,165.61903
Nicaragua,NIC,2009,148.68346
Nicaragua,NIC,2010,155.06163
Nicaragua,NIC,2011,153.46936
Nicaragua,NIC,2012,162.33861
Nicaragua,NIC,2013,162.43483
Nicaragua,NIC,2014,154.46117
Nicaragua,NIC,2015,146.8578
Nicaragua,NIC,2016,153.53946
Nicaragua,NIC,2017,151.53072
Nicaragua,NIC,2018,148.19923
Nicaragua,NIC,2019,142.40869
Nicaragua,NIC,2020,48.1061
Nicaragua,NIC,2021,54.302242
Niger,NER,1995,1.0189608
Niger,NER,1996,0.9852276
Niger,NER,1997,0.952907
Niger,NER,1998,0.92124134
Niue,NIU,1999,230.73373
Niue,NIU,2000,477.09924
Niue,NIU,2001,588.81256
Niue,NIU,2002,552.7638
Niue,NIU,2003,717.21313
Niue,NIU,2004,783.69904
Niue,NIU,2005,850.6114
Niue,NIU,2006,861.60474
Niue,NIU,2007,975.08124
Niue,NIU,2008,974.55334
Niue,NIU,2009,923.4112
Niue,NIU,2010,870.5114
Niue,NIU,2020,254.71217
Niue,NIU,2021,255.4931
Norway,NOR,1995,135.342
Norway,NOR,1996,157.93639
Norway,NOR,1997,170.92915
Norway,NOR,1999,508.94772
Norway,NOR,2000,533.04193
Norway,NOR,2001,520.1573
Norway,NOR,2002,579.2746
Norway,NOR,2003,566.9015
Norway,NOR,2004,644.55945
Norway,NOR,2005,684.7343
Norway,NOR,2006,694.2595
Norway,NOR,2007,720.8708
Norway,NOR,2009,1374.9703
Norway,NOR,2010,1552.2275
Norway,NOR,2011,1641.2422
Norway,NOR,2012,1842.9753
Norway,NOR,2013,1826.5319
Norway,NOR,2014,1788.6594
Norway,NOR,2015,1685.8185
Norway,NOR,2016,1533.4403
Norway,NOR,2017,1548.1119
Norway,NOR,2018,1526.6396
Norway,NOR,2019,1662.2151
Norway,NOR,2020,314.13596
Norway,NOR,2021,344.25186
Oman,OMN,2005,802.3212
Oman,OMN,2006,877.9014
Oman,OMN,2007,868.47864
Oman,OMN,2008,777.8103
Oman,OMN,2009,609.8142
Oman,OMN,2010,649.9151
Oman,OMN,2011,762.73444
Oman,OMN,2012,816.83795
Oman,OMN,2013,813.00854
Oman,OMN,2014,837.55853
Oman,OMN,2015,915.6006
Oman,OMN,2016,947.45886
Oman,OMN,2017,984.84033
Oman,OMN,2018,728.0773
Oman,OMN,2019,917.70844
Oman,OMN,2020,241.66891
Oman,OMN,2021,290.01382
Palau,PLW,1998,476.9728
Panama,PAN,1995,68.11309
Panama,PAN,1996,67.83068
Panama,PAN,1997,68.59986
Panama,PAN,1998,73.13238
Panama,PAN,1999,75.09028
Panama,PAN,2000,71.95831
Panama,PAN,2001,65.33751
Panama,PAN,2002,64.08217
Panama,PAN,2003,71.3473
Panama,PAN,2004,78.93171
Panama,PAN,2005,86.21016
Panama,PAN,2006,84.30859
Panama,PAN,2007,91.502
Panama,PAN,2008,105.57082
Panama,PAN,2009,94.39955
Panama,PAN,2010,108.179054
Panama,PAN,2011,112.2353
Panama,PAN,2012,119.045364
Panama,PAN,2013,161.97586
Panama,PAN,2014,219.34816
Panama,PAN,2015,243.86534
Panama,PAN,2016,261.03125
Panama,PAN,2017,212.15453
Panama,PAN,2018,244.8828
Panama,PAN,2019,289.6607
Panama,PAN,2020,93.37762
Papua New Guinea,PNG,1995,11.047464
Papua New Guinea,PNG,1997,12.902071
Papua New Guinea,PNG,1998,12.648774
Papua New Guinea,PNG,1999,10.899402
Papua New Guinea,PNG,2000,9.440299
Papua New Guinea,PNG,2001,6.668426
Papua New Guinea,PNG,2002,15.6128025
Paraguay,PRY,1995,92.74697
Paraguay,PRY,1996,88.716156
Paraguay,PRY,1997,76.58315
Paraguay,PRY,1998,64.588806
Paraguay,PRY,1999,55.908882
Paraguay,PRY,2000,34.154224
Paraguay,PRY,2001,30.125452
Paraguay,PRY,2002,26.671635
Paraguay,PRY,2003,28.580715
Paraguay,PRY,2004,31.386583
Paraguay,PRY,2005,34.326107
Paraguay,PRY,2006,37.94256
Paraguay,PRY,2007,43.290447
Paraguay,PRY,2008,49.24577
Paraguay,PRY,2009,50.503464
Paraguay,PRY,2010,52.352226
Paraguay,PRY,2011,59.37777
Paraguay,PRY,2012,67.52962
Paraguay,PRY,2013,73.26427
Paraguay,PRY,2014,69.94239
Paraguay,PRY,2015,163.16081
Paraguay,PRY,2016,239.8421
Paraguay,PRY,2017,231.4565
Paraguay,PRY,2018,224.57307
Paraguay,PRY,2019,221.89795
Paraguay,PRY,2020,57.110912
Paraguay,PRY,2021,54.595886
Peru,PER,1995,20.777895
Peru,PER,1996,20.475922
Peru,PER,1997,22.747536
Peru,PER,1998,20.837992
Peru,PER,1999,19.541191
Peru,PER,2000,27.387558
Peru,PER,2001,39.237587
Peru,PER,2002,45.07123
Peru,PER,2003,51.87641
Peru,PER,2004,58.614937
Peru,PER,2005,65.40601
Peru,PER,2006,65.430916
Peru,PER,2007,66.95715
Peru,PER,2008,66.409355
Peru,PER,2009,65.185936
Peru,PER,2010,70.408134
Peru,PER,2011,72.325806
Peru,PER,2012,77.17753
Peru,PER,2013,78.69819
Peru,PER,2014,80.4508
Peru,PER,2015,84.49503
Peru,PER,2016,88.363464
Peru,PER,2017,90.96522
Peru,PER,2018,95.57835
Peru,PER,2019,99.77193
Peru,PER,2020,23.750353
Peru,PER,2021,18.300207
Philippines,PHL,1995,23.32114
Philippines,PHL,1996,29.896412
Philippines,PHL,1997,26.54058
Philippines,PHL,1998,24.391905
Philippines,PHL,1999,23.016676
Philippines,PHL,2000,21.42173
Philippines,PHL,2001,22.442394
Philippines,PHL,2002,24.22324
Philippines,PHL,2003,21.737862
Philippines,PHL,2004,22.693022
Philippines,PHL,2005,24.85473
Philippines,PHL,2006,31.228018
Philippines,PHL,2007,34.233505
Philippines,PHL,2008,36.766186
Philippines,PHL,2009,34.299133
Philippines,PHL,2014,34.423813
Philippines,PHL,2015,49.64508
Philippines,PHL,2016,54.378883
Poland,POL,2005,160.72206
Poland,POL,2006,189.37831
Poland,POL,2007,179.11903
Poland,POL,2008,197.28534
Poland,POL,2009,163.4017
Poland,POL,2010,183.95042
Poland,POL,2011,163.12433
Poland,POL,2012,240.77127
Poland,POL,2013,260.3131
Poland,POL,2014,266.9647
Poland,POL,2015,282.7266
Poland,POL,2016,293.26193
Poland,POL,2017,311.42285
Poland,POL,2018,332.2823
Poland,POL,2019,350.70764
Poland,POL,2020,161.33914
Poland,POL,2021,177.84924
Portugal,PRT,2012,129.34698
Portugal,PRT,2013,142.38567
Portugal,PRT,2014,144.30681
Portugal,PRT,2015,182.62617
Portugal,PRT,2016,187.84929
Portugal,PRT,2017,212.95116
Portugal,PRT,2018,241.5977
Portugal,PRT,2019,301.2657
Portugal,PRT,2020,66.031044
Portugal,PRT,2021,98.34687
Puerto Rico,PRI,1995,333.87784
Puerto Rico,PRI,1996,317.18674
Puerto Rico,PRI,1997,332.7547
Puerto Rico,PRI,1998,330.23004
Puerto Rico,PRI,1999,297.62888
Puerto Rico,PRI,2000,328.96936
Puerto Rico,PRI,2001,347.32568
Puerto Rico,PRI,2002,320.30072
Puerto Rico,PRI,2003,332.49435
Puerto Rico,PRI,2004,356.55966
Puerto Rico,PRI,2005,370.51053
Puerto Rico,PRI,2006,387.17584
Puerto Rico,PRI,2007,381.67676
Puerto Rico,PRI,2008,382.68936
Puerto Rico,PRI,2009,298.4808
Puerto Rico,PRI,2010,263.58826
Puerto Rico,PRI,2011,250.29695
Puerto Rico,PRI,2012,239.47585
Puerto Rico,PRI,2013,232.08672
Puerto Rico,PRI,2014,222.7523
Puerto Rico,PRI,2015,213.30527
Puerto Rico,PRI,2016,229.84521
Puerto Rico,PRI,2017,232.88925
Puerto Rico,PRI,2018,220.22922
Puerto Rico,PRI,2019,232.62254
Puerto Rico,PRI,2020,174.53394
Puerto Rico,PRI,2021,149.26152
Samoa,WSM,1999,318.28958
Samoa,WSM,2000,331.48212
Samoa,WSM,2001,301.81845
Samoa,WSM,2002,283.96152
Samoa,WSM,2003,272.0653
Samoa,WSM,2004,287.1073
Samoa,WSM,2005,275.6661
Samoa,WSM,2006,269.29413
Samoa,WSM,2007,272.9802
Samoa,WSM,2008,276.34247
Samoa,WSM,2009,222.57996
Samoa,WSM,2010,287.64267
Samoa,WSM,2011,290.27725
Samoa,WSM,2012,282.6413
Samoa,WSM,2013,255.06122
Samoa,WSM,2014,282.50128
Samoa,WSM,2015,265.24417
Samoa,WSM,2017,264.87897
Samoa,WSM,2018,305.1761
Samoa,WSM,2019,325.60223
Samoa,WSM,2020,86.07294
Samoa,WSM,2021,22.396826
Sao Tome and Principe,STP,2007,50.63023
Sao Tome and Principe,STP,2008,59.18894
Saudi Arabia,SAU,2002,349.01898
Saudi Arabia,SAU,2003,177.27211
Saudi Arabia,SAU,2004,161.06126
Saudi Arabia,SAU,2005,180.46819
Saudi Arabia,SAU,2006,78.7933
Saudi Arabia,SAU,2007,156.28749
Saudi Arabia,SAU,2008,148.95752
Saudi Arabia,SAU,2009,211.7695
Saudi Arabia,SAU,2010,606.1146
Saudi Arabia,SAU,2011,506.82712
Saudi Arabia,SAU,2012,605.77734
Saudi Arabia,SAU,2013,608.40015
Saudi Arabia,SAU,2014,617.0938
Saudi Arabia,SAU,2015,635.6978
Saudi Arabia,SAU,2016,634.6309
Saudi Arabia,SAU,2017,618.4285
Saudi Arabia,SAU,2018,564.0221
Saudi Arabia,SAU,2019,530.60004
Saudi Arabia,SAU,2020,134.42746
Saudi Arabia,SAU,2021,234.0753
Seychelles,SYC,1995,414.69907
Seychelles,SYC,1996,383.75015
Seychelles,SYC,1997,391.88025
Seychelles,SYC,1998,399.0577
Seychelles,SYC,1999,405.84415
Seychelles,SYC,2000,449.58975
Seychelles,SYC,2001,504.44156
Seychelles,SYC,2002,642.8294
Seychelles,SYC,2003,597.99316
Seychelles,SYC,2004,566.4853
Seychelles,SYC,2005,605.3057
Seychelles,SYC,2006,631.3856
Seychelles,SYC,2007,656.56165
Seychelles,SYC,2008,602.27527
Seychelles,SYC,2009,538.1895
Seychelles,SYC,2010,638.3623
Seychelles,SYC,2011,511.49805
Seychelles,SYC,2012,472.09894
Seychelles,SYC,2013,485.88855
Seychelles,SYC,2014,510.1208
Seychelles,SYC,2015,564.17487
Seychelles,SYC,2016,676.4756
Seychelles,SYC,2017,726.71564
Seychelles,SYC,2018,698.2157
Seychelles,SYC,2019,728.06696
Seychelles,SYC,2020,180.018
Seychelles,SYC,2021,253.55446
Sierra Leone,SLE,1997,1.3620781
Sierra Leone,SLE,1998,1.5730404
Sierra Leone,SLE,1999,2.9049268
Sierra Leone,SLE,2000,2.8359053
Sierra Leone,SLE,2001,4.117678
Sierra Leone,SLE,2002,5.2527957
Sierra Leone,SLE,2003,2.42949
Sierra Leone,SLE,2004,5.060245
Sierra Leone,SLE,2005,11.085035
Sierra Leone,SLE,2006,11.532282
Sierra Leone,SLE,2007,11.954535
Sierra Leone,SLE,2008,11.985169
Sierra Leone,SLE,2009,11.501883
Sierra Leone,SLE,2010,11.807295
Sierra Leone,SLE,2011,14.971893
Sierra Leone,SLE,2012,15.319815
Sierra Leone,SLE,2013,15.937131
Sierra Leone,SLE,2014,13.023933
Sierra Leone,SLE,2015,8.339281
Sierra Leone,SLE,2016,12.276622
Sierra Leone,SLE,2017,14.32745
Sierra Leone,SLE,2018,14.247031
Sierra Leone,SLE,2019,15.16125
Sierra Leone,SLE,2020,4.615026
Sierra Leone,SLE,2021,2.9688947
Singapore,SGP,1995,809.00073
Singapore,SGP,1996,905.00714
Singapore,SGP,1997,976.1613
Singapore,SGP,1998,968.6273
Singapore,SGP,1999,1001.1383
Singapore,SGP,2000,1096.309
Singapore,SGP,2001,1058.636
Singapore,SGP,2002,1053.1989
Singapore,SGP,2003,998.7183
Singapore,SGP,2004,1209.4866
Singapore,SGP,2005,1187.4388
Singapore,SGP,2006,1233.233
Singapore,SGP,2007,1291.7996
Singapore,SGP,2008,1411.2091
Singapore,SGP,2009,1389.2251
Singapore,SGP,2010,1421.8804
Singapore,SGP,2011,1467.9956
Singapore,SGP,2012,1495.632
Singapore,SGP,2013,1578.4777
Singapore,SGP,2014,1598.2393
Singapore,SGP,2015,1615.0386
Singapore,SGP,2016,1658.6321
Singapore,SGP,2017,1715.5033
Singapore,SGP,2018,1784.8351
Singapore,SGP,2019,1825.8191
Singapore,SGP,2020,261.08847
Singapore,SGP,2021,140.2106
Slovenia,SVN,2000,990.2542
Slovenia,SVN,2001,1036.5757
Slovenia,SVN,2002,1072.2014
Slovenia,SVN,2003,1062.625
Slovenia,SVN,2004,1402.292
Slovenia,SVN,2005,1326.8289
Slovenia,SVN,2006,1330.9647
Slovenia,SVN,2007,1233.6709
Slovenia,SVN,2008,1208.9259
Slovenia,SVN,2009,1264.1903
Slovenia,SVN,2010,1396.9807
Slovenia,SVN,2011,1317.8682
Slovenia,SVN,2012,1195.5359
Slovenia,SVN,2013,1260.3903
Slovenia,SVN,2014,1273.3003
Slovenia,SVN,2015,1377.7924
Slovenia,SVN,2016,1365.0587
Slovenia,SVN,2017,1435.8586
Slovenia,SVN,2018,1513.8198
Slovenia,SVN,2019,1500.3041
Slovenia,SVN,2020,537.3887
Slovenia,SVN,2021,1002.6385
Spain,ESP,1995,91.624756
Spain,ESP,1996,105.60931
Spain,ESP,1997,99.05414
Spain,ESP,1998,118.77404
Spain,ESP,1999,86.79838
Spain,ESP,2000,100.63411
Spain,ESP,2001,101.0339
Spain,ESP,2002,93.32736
Spain,ESP,2003,96.94469
Spain,ESP,2004,119.20482
Spain,ESP,2005,239.53098
Spain,ESP,2006,240.37193
Spain,ESP,2007,249.21658
Spain,ESP,2008,244.28636
Spain,ESP,2009,259.16708
Spain,ESP,2010,265.79907
Spain,ESP,2011,285.6242
Spain,ESP,2012,265.67667
Spain,ESP,2013,241.31256
Spain,ESP,2014,253.59119
Spain,ESP,2015,310.28607
Spain,ESP,2016,331.4805
Spain,ESP,2017,365.5963
Spain,ESP,2018,406.7358
Spain,ESP,2019,421.05713
Spain,ESP,2020,104.29905
Spain,ESP,2021,147.68274
Sri Lanka,LKA,1995,27.726479
Sri Lanka,LKA,1996,26.96138
Sri Lanka,LKA,1997,28.78186
Sri Lanka,LKA,1998,27.90827
Sri Lanka,LKA,1999,26.619665
Sri Lanka,LKA,2000,27.907412
Sri Lanka,LKA,2001,26.690939
Sri Lanka,LKA,2002,27.890125
Sri Lanka,LKA,2003,29.062567
Sri Lanka,LKA,2004,34.88891
Sri Lanka,LKA,2005,36.952576
Sri Lanka,LKA,2006,38.09628
Sri Lanka,LKA,2007,42.931168
Sri Lanka,LKA,2008,47.619892
Sri Lanka,LKA,2009,47.01578
Sri Lanka,LKA,2010,54.28536
Sri Lanka,LKA,2011,59.396698
Sri Lanka,LKA,2012,60.37926
Sri Lanka,LKA,2013,59.720528
Sri Lanka,LKA,2014,61.72477
Sri Lanka,LKA,2015,63.552494
Sri Lanka,LKA,2016,67.58304
Sri Lanka,LKA,2017,66.90902
Sri Lanka,LKA,2018,68.39441
Sri Lanka,LKA,2019,66.55992
Sri Lanka,LKA,2020,14.045542
Sri Lanka,LKA,2021,14.191604
Sudan,SDN,1995,8.372476
Sweden,SWE,1995,1156.2488
Sweden,SWE,1996,1182.6315
Sweden,SWE,1997,1228.2201
Sweden,SWE,1998,1293.7456
Sweden,SWE,1999,1186.5907
Sweden,SWE,2000,1143.8341
Sweden,SWE,2001,1207.295
Sweden,SWE,2002,1443.87
Sweden,SWE,2003,1411.4816
Sweden,SWE,2004,1549.2661
Sweden,SWE,2005,1731.9324
Sweden,SWE,2006,1379.3938
Sweden,SWE,2007,1384.9434
Sweden,SWE,2008,1440.0903
Sweden,SWE,2009,1257.7659
Sweden,SWE,2010,1390.1499
Sweden,SWE,2011,1547.5236
Sweden,SWE,2012,1627.0433
Sweden,SWE,2013,1649.612
Sweden,SWE,2017,2024.3203
Sweden,SWE,2018,1855.3871
Sweden,SWE,2019,1753.0323
Sweden,SWE,2020,407.46582
Sweden,SWE,2021,550.9647
Switzerland,CHE,1995,1583.9048
Switzerland,CHE,1996,1706.0144
Switzerland,CHE,1997,1765.9111
Switzerland,CHE,1998,1672.8508
Switzerland,CHE,1999,1654.2524
Switzerland,CHE,2000,1704.2483
Switzerland,CHE,2001,1599.2994
Switzerland,CHE,2002,1570.4023
Switzerland,CHE,2003,1196.8796
Switzerland,CHE,2008,1459.3584
Switzerland,CHE,2009,1351.4943
Switzerland,CHE,2010,1279.779
Switzerland,CHE,2011,1322.97
Switzerland,CHE,2012,1513.056
Switzerland,CHE,2013,1533.4363
Switzerland,CHE,2014,1528.8615
Switzerland,CHE,2015,1642.2887
Switzerland,CHE,2016,1654.9817
Switzerland,CHE,2017,1812.4191
Switzerland,CHE,2018,1795.1875
Switzerland,CHE,2019,1567.5884
Switzerland,CHE,2020,708.2159
Switzerland,CHE,2021,724.3935
Syria,SYR,1995,121.98316
Syria,SYR,1996,127.20204
Syria,SYR,1997,152.21133
Syria,SYR,1998,155.5428
Syria,SYR,1999,188.2876
Syria,SYR,2000,236.88255
Syria,SYR,2001,208.75243
Syria,SYR,2002,192.20433
Syria,SYR,2003,226.95584
Syria,SYR,2004,238.2768
Syria,SYR,2005,245.59348
Syria,SYR,2006,208.00728
Syria,SYR,2007,202.67593
Syria,SYR,2008,244.62071
Syria,SYR,2009,238.92184
Syria,SYR,2010,280.2007
Tajikistan,TJK,1999,0.66240495
Tajikistan,TJK,2000,1.0202453
Tajikistan,TJK,2001,0.42129487
Tajikistan,TJK,2012,1.8852788
Tajikistan,TJK,2013,1.8435191
Tajikistan,TJK,2014,2.2819111
Tajikistan,TJK,2015,1.8770385
Tajikistan,TJK,2016,2.5213957
Tajikistan,TJK,2017,3.4731834
Tajikistan,TJK,2018,3.396095
Tanzania,TZA,1995,5.1374226
Tanzania,TZA,1996,4.7526183
Tanzania,TZA,2021,1.9028648
Thailand,THA,1995,30.626925
Thailand,THA,1996,30.64219
Thailand,THA,1997,27.217976
Thailand,THA,1998,22.868168
Thailand,THA,1999,26.50432
Thailand,THA,2000,30.269587
Thailand,THA,2001,31.594711
Thailand,THA,2002,35.03441
Thailand,THA,2003,33.221687
Thailand,THA,2004,41.47836
Thailand,THA,2005,46.291965
Thailand,THA,2006,50.995537
Thailand,THA,2007,60.12562
Thailand,THA,2008,58.043995
Thailand,THA,2009,68.6145
Thailand,THA,2010,79.84416
Thailand,THA,2011,78.544266
Thailand,THA,2012,82.724785
Thailand,THA,2013,85.802246
Thailand,THA,2014,92.108536
Thailand,THA,2015,96.65065
Thailand,THA,2016,116.19239
Thailand,THA,2017,126.420685
Thailand,THA,2018,140.11398
Thailand,THA,2019,146.49176
Togo,TGO,2016,24.930296
Togo,TGO,2017,27.506117
Togo,TGO,2018,29.328867
Togo,TGO,2019,32.63338
Trinidad and Tobago,TTO,1995,199.56706
Trinidad and Tobago,TTO,1996,188.81686
Trinidad and Tobago,TTO,2009,192.6924
Trinidad and Tobago,TTO,2010,193.57625
Tunisia,TUN,1995,191.30403
Tunisia,TUN,1996,151.42274
Tunisia,TUN,1997,144.48694
Tunisia,TUN,1998,157.6911
Tunisia,TUN,1999,151.20456
Tunisia,TUN,2000,164.95969
Tunisia,TUN,2001,166.98157
Tunisia,TUN,2002,192.08359
Tunisia,TUN,2003,223.07681
Tunisia,TUN,2004,224.63548
Tunisia,TUN,2005,215.72244
Tunisia,TUN,2006,219.5819
Tunisia,TUN,2007,259.253
Tunisia,TUN,2008,291.93716
Tunisia,TUN,2009,243.21945
Tunisia,TUN,2010,206.51556
Tunisia,TUN,2011,208.74634
Tunisia,TUN,2012,259.25366
Tunisia,TUN,2013,254.2414
Tunisia,TUN,2014,230.7298
Tunisia,TUN,2016,156.60211
Tunisia,TUN,2018,210.75937
Tunisia,TUN,2019,230.80142
Tunisia,TUN,2020,60.76443
Tunisia,TUN,2021,142.5432
Turkey,TUR,1995,67.12701
Turkey,TUR,1996,70.67063
Turkey,TUR,1997,75.60697
Turkey,TUR,1998,73.920906
Turkey,TUR,1999,75.30194
Turkey,TUR,2000,82.416275
Turkey,TUR,2001,74.625015
Turkey,TUR,2002,77.75578
Turkey,TUR,2003,88.65317
Turkey,TUR,2004,107.678566
Turkey,TUR,2005,120.02088
Turkey,TUR,2006,118.89141
Turkey,TUR,2007,70.32893
Turkey,TUR,2008,68.60558
Turkey,TUR,2009,76.99481
Turkey,TUR,2010,89.58219
Turkey,TUR,2011,84.69292
Turkey,TUR,2012,77.088165
Turkey,TUR,2013,98.28129
Turkey,TUR,2014,102.18652
Turkey,TUR,2015,109.87345
Turkey,TUR,2016,97.40877
Turkey,TUR,2017,108.25946
Turkey,TUR,2018,101.23259
Turkey,TUR,2019,115.60619
Turkey,TUR,2020,26.659399
Turkey,TUR,2021,32.297104
Turkmenistan,TKM,1995,4.9685035
Turkmenistan,TKM,1996,6.7424736
Turkmenistan,TKM,1997,7.104099
Turkmenistan,TKM,1998,80.55921
Turkmenistan,TKM,2000,17.071064
Turkmenistan,TKM,2001,23.947704
Turkmenistan,TKM,2002,16.812187
Turkmenistan,TKM,2003,7.14437
Turkmenistan,TKM,2004,6.6392894
Turkmenistan,TKM,2005,6.7542953
Turkmenistan,TKM,2006,6.6612406
Turkmenistan,TKM,2007,7.562344
Tuvalu,TUV,1998,196.76884
Tuvalu,TUV,1999,227.7197
Tuvalu,TUV,2000,300.1449
Tuvalu,TUV,2001,290.45642
Tuvalu,TUV,2002,280.37384
Tuvalu,TUV,2003,268.2348
Tuvalu,TUV,2004,234.35909
Tuvalu,TUV,2005,221.48395
Tuvalu,TUV,2006,198.9258
Tuvalu,TUV,2007,236.03462
Tuvalu,TUV,2011,195.9138
Tuvalu,TUV,2018,385.923
Tuvalu,TUV,2019,427.93408
Tuvalu,TUV,2020,135.25699
Tuvalu,TUV,2021,44.52756
Uganda,UGA,1997,6.765115
Uganda,UGA,1998,10.693214
Uganda,UGA,1999,14.046846
Uganda,UGA,2000,6.3695035
Uganda,UGA,2001,6.1381087
Uganda,UGA,2002,7.2029476
Uganda,UGA,2003,7.1713853
Uganda,UGA,2004,8.509516
Uganda,UGA,2005,6.7629013
Uganda,UGA,2006,8.82765
Uganda,UGA,2007,9.179946
Uganda,UGA,2008,11.045607
Uganda,UGA,2009,9.900509
Uganda,UGA,2010,10.018019
Uganda,UGA,2011,11.022431
Uganda,UGA,2012,13.684123
Uganda,UGA,2013,13.352775
Uganda,UGA,2014,14.062978
Uganda,UGA,2015,13.955093
Uganda,UGA,2016,14.658705
Uganda,UGA,2017,14.030419
Uganda,UGA,2019,11.362293
Uganda,UGA,2020,4.4364767
Uganda,UGA,2021,7.218598
Ukraine,UKR,1995,128.31644
Ukraine,UKR,1996,118.61838
Ukraine,UKR,1997,191.98972
Ukraine,UKR,1998,156.25418
Ukraine,UKR,1999,150.01993
Ukraine,UKR,2000,274.59222
Ukraine,UKR,2001,306.7054
Ukraine,UKR,2002,307.0042
Ukraine,UKR,2003,310.78247
Ukraine,UKR,2004,329.8213
Ukraine,UKR,2005,350.7372
Ukraine,UKR,2006,362.18234
Ukraine,UKR,2007,374.30045
Ukraine,UKR,2008,336.47443
Ukraine,UKR,2009,334.33716
Ukraine,UKR,2010,376.06967
Ukraine,UKR,2011,434.41736
Ukraine,UKR,2012,472.02777
Ukraine,UKR,2013,524.4431
Ukraine,UKR,2014,496.98688
Ukraine,UKR,2015,514.46594
Ukraine,UKR,2016,550.2127
Ukraine,UKR,2017,591.9978
Ukraine,UKR,2018,625.7122
Ukraine,UKR,2019,653.2296
Ukraine,UKR,2020,250.92426
Ukraine,UKR,2021,329.69287
United Arab Emirates,ARE,2015,1952.1339
United Arab Emirates,ARE,2016,2025.9574
United Arab Emirates,ARE,2017,2024.1948
United Arab Emirates,ARE,2018,2018.9991
United Arab Emirates,ARE,2019,1996.9257
United Arab Emirates,ARE,2020,676.62396
United Arab Emirates,ARE,2021,775.0117
United States,USA,1995,193.0471
United States,USA,1996,197.03377
United States,USA,1997,195.41077
United States,USA,1998,201.9178
United States,USA,1999,204.9634
United States,USA,2000,217.1647
United States,USA,2001,208.22467
United States,USA,2002,201.37317
United States,USA,2003,193.22604
United States,USA,2004,210.27197
United States,USA,2005,213.92815
United States,USA,2006,212.3848
United States,USA,2007,211.56201
United States,USA,2008,208.22394
United States,USA,2009,201.38599
United States,USA,2010,196.22226
United States,USA,2011,188.63782
United States,USA,2012,191.68402
United States,USA,2013,192.07504
United States,USA,2014,211.73233
United States,USA,2015,228.55583
United States,USA,2016,245.17267
United States,USA,2017,265.7954
United States,USA,2018,280.41608
United States,USA,2019,298.35037
United States,USA,2020,99.7178
Uruguay,URY,1997,173.186
Uruguay,URY,1998,200.44896
Uruguay,URY,1999,237.26999
Uruguay,URY,2000,202.59842
Uruguay,URY,2001,160.86337
Uruguay,URY,2002,160.29295
Uruguay,URY,2003,149.53761
Uruguay,URY,2004,171.706
Uruguay,URY,2005,198.3322
Uruguay,URY,2006,200.46461
Uruguay,URY,2007,190.7682
Uruguay,URY,2008,220.01534
Uruguay,URY,2009,246.99768
Uruguay,URY,2010,306.3246
Uruguay,URY,2011,456.3261
Uruguay,URY,2012,538.69116
Uruguay,URY,2013,674.6152
Uruguay,URY,2014,706.4387
Uruguay,URY,2015,651.51843
Uruguay,URY,2016,502.37744
Uruguay,URY,2017,522.7624
Uruguay,URY,2018,568.1281
Uruguay,URY,2019,641.40485
Uruguay,URY,2021,27.14326
Vanuatu,VUT,1995,64.46962
Vanuatu,VUT,1996,62.956074
Vanuatu,VUT,1997,61.494083
Vanuatu,VUT,1998,65.53724
Vanuatu,VUT,1999,64.017075
Vanuatu,VUT,2000,62.47169
Vanuatu,VUT,2001,55.82538
Vanuatu,VUT,2002,54.41746
Vanuatu,VUT,2003,57.894382
Vanuatu,VUT,2004,61.196342
Vanuatu,VUT,2005,64.32582
Vanuatu,VUT,2006,67.284485
Vanuatu,VUT,2007,70.06512
Vanuatu,VUT,2008,81.20803
Vanuatu,VUT,2009,83.43763
Vanuatu,VUT,2010,85.55226
Vanuatu,VUT,2011,87.54163
Vanuatu,VUT,2012,89.379745
Vanuatu,VUT,2013,98.65413
Vanuatu,VUT,2014,96.316986
Vanuatu,VUT,2015,97.66685
Vanuatu,VUT,2016,71.67092
Vanuatu,VUT,2017,90.61154
Vanuatu,VUT,2018,95.524155
Vanuatu,VUT,2019,119.574
Vanuatu,VUT,2020,30.157784
Venezuela,VEN,1995,24.15493
Venezuela,VEN,1996,22.638554
Venezuela,VEN,1997,19.967392
Venezuela,VEN,1998,31.994804
Venezuela,VEN,1999,31.45997
Venezuela,VEN,2000,39.053974
Venezuela,VEN,2001,37.499683
Venezuela,VEN,2002,34.77962
Venezuela,VEN,2003,32.270535
Venezuela,VEN,2004,31.113058
Venezuela,VEN,2005,40.009315
Venezuela,VEN,2006,40.402798
Venezuela,VEN,2007,51.22598
Venezuela,VEN,2008,62.469044
Venezuela,VEN,2009,58.281773
Venezuela,VEN,2010,51.436485
Venezuela,VEN,2011,59.079964
Venezuela,VEN,2012,58.838642
Venezuela,VEN,2013,64.71609
Venezuela,VEN,2014,52.62764
Venezuela,VEN,2015,50.409893
Venezuela,VEN,2016,49.769913
Venezuela,VEN,2017,35.30363
Zimbabwe,ZWE,1995,23.285336
Zimbabwe,ZWE,1996,6.172745
Zimbabwe,ZWE,1997,10.825172
Zimbabwe,ZWE,1998,18.44417
Zimbabwe,ZWE,1999,28.250874
Zimbabwe,ZWE,2003,31.964663
Zimbabwe,ZWE,2004,40.950966
Zimbabwe,ZWE,2005,38.773773
Zimbabwe,ZWE,2006,43.87498
Zimbabwe,ZWE,2007,43.933746
Zimbabwe,ZWE,2008,47.24967
Zimbabwe,ZWE,2009,49.764145
Zimbabwe,ZWE,2010,50.623943
Zimbabwe,ZWE,2011,53.202152
Zimbabwe,ZWE,2012,54.27682
Zimbabwe,ZWE,2013,217.33005
Zimbabwe,ZWE,2014,229.65181
Zimbabwe,ZWE,2015,239.70435
Zimbabwe,ZWE,2016,220.8583
Zimbabwe,ZWE,2017,187.647
Zimbabwe,ZWE,2018,152.00446
Zimbabwe,ZWE,2019,213.29105
Zimbabwe,ZWE,2020,63.370857
Zimbabwe,ZWE,2021,37.327606